year	not_before	not_after	godot_uri
1			https://godot.date/id/8EoUq9nfryFN2WdCTF4ENd
2			https://godot.date/id/Rai9BcWnP57dwR9heoAZq4
3			https://godot.date/id/XeqdHTQGLthYs4CfEMbbiJ
4			https://godot.date/id/dMoM5jj4pkTeZbPYwg48VT
5			https://godot.date/id/d9NnHWG9jcosKucJyJBUCo
6			https://godot.date/id/K6naZ6899SCgbjra2tLSpb
7			https://godot.date/id/iZ9tUHSXtVD2oWx68ChaCf
8			https://godot.date/id/eAoAAMguHsztosDvQoyd4R
9			https://godot.date/id/DNrYnJCernUEGpovKUKFKT
10			https://godot.date/id/g6rYAhgeXGvTXBQvh8hUfC
11			https://godot.date/id/QYRgqGLpuqZEebiYPhkixC
12			https://godot.date/id/7qpYXpEJyMUxyrhbwgtbA7
13			https://godot.date/id/aereZWnNTs2tRFwQdnGNKW
14			https://godot.date/id/aXxqaEFUBGBL5YbN3FnJt6
15			https://godot.date/id/MKvpSxXFU2U4Pacfo3wBmg
16			https://godot.date/id/BFzSjBZC9UehiFNbqYrmdZ
17			https://godot.date/id/HSznQrbhF9kACXTYjzJCz7
18			https://godot.date/id/ApegnEV7H4f8Sho4nFeBfA
19			https://godot.date/id/omi6VcBMZ6nQdtVzPB6S4J
20			https://godot.date/id/Ge8XxYKrx8iPCKqS3oxos6
21			https://godot.date/id/bSUZVXEvusWXX33prJhBLR
22			https://godot.date/id/nSPY8jCxL7dQd9WinsyVvW
23			https://godot.date/id/tuYVz9gwpa8qjYMT3VHxXJ
24			https://godot.date/id/ZyyEUnoCyszgbxrWywSbLm
25			https://godot.date/id/APrBscUtVpDaZVMyMDcnrC
26			https://godot.date/id/BKzpV2cabSsHpKSQ4jjCBj
27			https://godot.date/id/4VJeDqiKRxCfKiEn6kkC4J
28			https://godot.date/id/NQ2ZHHYJ3ZZaFLJhuwE5G6
29			https://godot.date/id/M8nAJ8bgtQMB4HYg6k7uUZ
30			https://godot.date/id/df32KTiYDRaJcTmhkGLsb9
31			https://godot.date/id/ypKQUFtcXuLAekCsPfGRec
32			https://godot.date/id/mEq9hM8dFBGgdNiciPGWJn
33			https://godot.date/id/DdzLt7f5JHJDWryyTLUKMH
34			https://godot.date/id/3wQ8zo9K7yySyxZd4miBCZ
35			https://godot.date/id/2Vc2nqhe4MTPTndN7SwSWd
36			https://godot.date/id/jxJ7bWucJUCch3T4uzTmsP
37			https://godot.date/id/is5GS3rwVV9xZfWntLf8HS
38			https://godot.date/id/7pzhWZezXqTxdFCAD8S9y7
39			https://godot.date/id/cfW4FeYJfzzRsi2xQRWJGF
40			https://godot.date/id/puESXHZfTKfs9yv8eWsbnh
41			https://godot.date/id/Ed9PNshyhnBbWpVSvWUH8U
42			https://godot.date/id/YGvqZANovNSC3y4Tku3wr5
43			https://godot.date/id/RH78AqhEWsUYZ7pbe6JFnL
44			https://godot.date/id/yWXvYmcrz6r8gX42vurJYU
45			https://godot.date/id/Z5m5gTBF9N8NockFCa7G6J
46			https://godot.date/id/oX6ujsPgCUFn7Hb65EHqak
47			https://godot.date/id/cBrRV3A9vYztkjLKn4cHfN
48			https://godot.date/id/EWGd3eWKswpJrYhZ7rDEZH
49			https://godot.date/id/Zy5ZGTZPT3G8RbBYCLj4rm
50			https://godot.date/id/kZZVr7GvFq9MwBHbHyVSVL
51			https://godot.date/id/EshqArm6bQv6XSUGNbXUyf
52			https://godot.date/id/LaHmigp9YbVtAtoZiSeXE5
53			https://godot.date/id/J8weCFzKz6PKgGbyfkU5L3
54			https://godot.date/id/h3Fbi4Cg4poL5Mn9nfL8ad
55			https://godot.date/id/Y8KMxhiXFQt8bXaVvVcT2H
56			https://godot.date/id/ctTMgwU9xVmjsEtChP8Yce
57			https://godot.date/id/VzW8WV4tJvXPWLtyJ8v7NV
58			https://godot.date/id/6GFstHMuXCN9dEofXZMPVe
59			https://godot.date/id/38QXLXLJeVG6MceTvreubN
60			https://godot.date/id/qpvTFdxjeWqVxBc9i6NPed
61			https://godot.date/id/sYvfaWgSDt9hY8TaFZWJa4
62			https://godot.date/id/pPpSGUidZPs6y3tY8pWVub
63			https://godot.date/id/Gy7A9dgqmch6uvRnXzgHWe
64			https://godot.date/id/PQcT7LJEP2JS8yTfPxSLkN
65			https://godot.date/id/y8wn6tbPnFsasDAViQFBVW
66			https://godot.date/id/5KUeK7jDSkc8KVuQAy6gGa
67			https://godot.date/id/JwezuTRZrpCfzSTSMkn9bF
68			https://godot.date/id/E28Ttfn43NVv67RPaRTphf
69			https://godot.date/id/zr3NDqzgt9rZRBTbNmSZsm
70			https://godot.date/id/aNHe7rTzEijnddyZKPXD42
71			https://godot.date/id/R7DUHVJoXTEyJTz2QtAxZ5
72			https://godot.date/id/WTdHnctg6M4AcBjx6qqWSC
73			https://godot.date/id/XRiaKHVoyPYA4Dxi48bBhe
74			https://godot.date/id/JmjBZFBz8jsj3cZ5gsWwzf
75			https://godot.date/id/BLgN3ywP97iuuitU6tWsHj
76			https://godot.date/id/dYtgcHvFuPkC5AkYbX3LzW
77			https://godot.date/id/kmgiq8vmzK9yMs6jqCp3jb
78			https://godot.date/id/nsGwXZ966CYJYx2Xn44kih
79			https://godot.date/id/2crkCU5wPe3riSKoqPx9J4
80			https://godot.date/id/Q9wVAREQ3rSzRQJXsE3XFe
81			https://godot.date/id/cfPC57gLgZGP57CFiaNuEM
82			https://godot.date/id/GdcgTUM3geZRQJru3XkoUK
83			https://godot.date/id/K2Kk5bS9cRj5oB8bSThk8k
84			https://godot.date/id/WY8htfHzTQqADfVhUxsBMH
85			https://godot.date/id/uwZxKt4sn5kPfUQq7uYudD
86			https://godot.date/id/8enZgQFNKM9A6B9qeuhGAC
87			https://godot.date/id/4jQZor73wcZUuTyAdgxSNe
88			https://godot.date/id/rMtepWNKnLi96WfZaxtyzj
89			https://godot.date/id/Tz7VnY5bSwyhSJCEDcnPmh
90			https://godot.date/id/eynf7mg68dXkiavvTUXFhk
91			https://godot.date/id/RvaJu3kZPpNLb9dMCnCgZm
92			https://godot.date/id/VxJSNF2xNcSzTNjTQvUg7L
93			https://godot.date/id/FGDhwguQySG4QxkWkdZpPE
94			https://godot.date/id/xBvX7USasykLXu82J4pZEV
95			https://godot.date/id/XWNCwGT3qibdxWWAFvqKJd
96			https://godot.date/id/3qYUTvX5obWWGGwzuZyFQS
97			https://godot.date/id/xURh4BBSt9SKCxvEKHL7cW
98			https://godot.date/id/4sNx6NGMmB8AqACAD6vczZ
99			https://godot.date/id/uMKPsJkzTL2QChHpjKiyFe
			https://godot.date/id/ZfKZMsnxumh4efJBcUMPBh